Yayasan Salim-PPA-Syamsi Dhuha Foundation,1
Yayasan Salim-PPA-Lippo Group,8
Yayasan Salim-PPA-IOM ITB (Tugas Akhir),7
Yayasan Salim-PPA-IOM ITB (SPP),2
Yayasan Salim-PPA-IOM ITB (Biaya Hidup),4
Yayasan Salim-PPA-Beasiswa Voucher Makan Sistem RFID,23
Yayasan Salim-PPA-BBM,13
Yayasan Salim-PPA,15
Yayasan Salim-Lippo Group-Syamsi Dhuha Foundation,2
Yayasan Salim-Lippo Group-PPA,40
Yayasan Salim-Lippo Group-Beasiswa Voucher Makan Sistem RFID,3
Yayasan Salim-Lippo Group,2
Yayasan Salim-IOM ITB (Tugas Akhir)-PPA,1
Yayasan Salim-IOM ITB (Tugas Akhir)-Lippo Group,1
Yayasan Salim-IOM ITB (Tugas Akhir)-IOM ITB (SPP),2
Yayasan Salim-IOM ITB (Tugas Akhir)-IOM ITB (Biaya Hidup),2
Yayasan Salim-IOM ITB (Tugas Akhir)-Beasiswa Voucher Makan Sistem RFID,2
Yayasan Salim-IOM ITB (Tugas Akhir),2
Yayasan Salim-IOM ITB (SPP)-PPA,1
Yayasan Salim-IOM ITB (SPP)-Lippo Group,1
Yayasan Salim-IOM ITB (SPP)-IOM ITB (Biaya Hidup),8
Yayasan Salim-IOM ITB (SPP)-Beasiswa Voucher Makan Sistem RFID,3
Yayasan Salim-IOM ITB (SPP),2
Yayasan Salim-IOM ITB (Biaya Hidup)-Lippo Group,1
Yayasan Salim-IOM ITB (Biaya Hidup)-IOM ITB (SPP),2
Yayasan Salim-IOM ITB (Biaya Hidup)-Beasiswa Voucher Makan Sistem RFID,1
Yayasan Salim-IOM ITB (Biaya Hidup),1
Yayasan Salim-Beasiswa Voucher Makan Sistem RFID-PPA,5
Yayasan Salim-Beasiswa Voucher Makan Sistem RFID-Lippo Group,1
Yayasan Salim-Beasiswa Voucher Makan Sistem RFID-IOM ITB (Tugas Akhir),1
Yayasan Salim-Beasiswa Voucher Makan Sistem RFID-IOM ITB (SPP),1
Yayasan Salim-Beasiswa Voucher Makan Sistem RFID-BBM,1
Yayasan Salim-Beasiswa Voucher Makan Sistem RFID,19
Yayasan Salim-BBM-PPA,1
Yayasan Salim-BBM-Lippo Group,1
Yayasan Salim-BBM-IOM ITB (SPP),1
Yayasan Salim-BBM-IOM ITB (Biaya Hidup),2
Yayasan Salim-BBM-Beasiswa Voucher Makan Sistem RFID,4
Yayasan Salim-BBM,2
Yayasan Salim,10
Yayasan Salim,10
Yayasan Komatsu Indonesia Peduli-PPA-BUMN,2
Yayasan Komatsu Indonesia Peduli-PPA-Beasiswa Voucher Makan Sistem RFID,5
Yayasan Komatsu Indonesia Peduli-PPA-BBM,4
Yayasan Komatsu Indonesia Peduli-PPA,5
Yayasan Komatsu Indonesia Peduli-IOM ITB (Biaya Hidup)-PPA,2
Yayasan Komatsu Indonesia Peduli-BUMN-PPA,3
Yayasan Komatsu Indonesia Peduli,2
WARTA-PPA-IOM ITB (Tugas Akhir),4
WARTA-PPA-Beasiswa Voucher Makan Sistem RFID,6
WARTA-PPA,2
WARTA-IOM ITB (Tugas Akhir)-PPA,1
WARTA-IOM ITB (Tugas Akhir)-Beasiswa Voucher Makan Sistem RFID,2
WARTA-BUMN-PPA,3
Wardah Prestasi (WAPRES)-Wardah Pemberdayaan Ekonomi (WARDAYA),1
Wardah Prestasi (WAPRES)-PPA-IOM ITB (SPP),6
Wardah Prestasi (WAPRES)-PPA-IOM ITB (Biaya Hidup),1
Wardah Prestasi (WAPRES)-PPA-IA ITB?78,1
Wardah Prestasi (WAPRES)-PPA-BUMN,5
Wardah Prestasi (WAPRES)-PPA-Beasiswa Voucher Makan Sistem RFID,18
Wardah Prestasi (WAPRES)-PPA-BBM,3
Wardah Prestasi (WAPRES)-PPA-ABB J?rgen Dormann Foundation,1
Wardah Prestasi (WAPRES)-PPA,24
Wardah Prestasi (WAPRES)-IOM ITB (SPP)-PPA,2
Wardah Prestasi (WAPRES)-IOM ITB (SPP)-IOM ITB (Biaya Hidup),1
Wardah Prestasi (WAPRES)-IOM ITB (Biaya Hidup)-PPA,1
Wardah Prestasi (WAPRES)-BUMN-PPA,2
Wardah Prestasi (WAPRES),1
Wardah Pemberdayaan Ekonomi (WARDAYA)-Yayasan Komatsu Indonesia Peduli-BUMN,1
Wardah Pemberdayaan Ekonomi (WARDAYA)-PPA-IOM ITB (Tugas Akhir),1
Wardah Pemberdayaan Ekonomi (WARDAYA)-PPA-IOM ITB (Biaya Hidup),1
Wardah Pemberdayaan Ekonomi (WARDAYA)-PPA-BUMN,1
Wardah Pemberdayaan Ekonomi (WARDAYA)-PPA-BBM,2
Wardah Pemberdayaan Ekonomi (WARDAYA)-PPA,2
Wardah Pemberdayaan Ekonomi (WARDAYA)-IOM ITB (SPP)-PPA,1
Wardah Pemberdayaan Ekonomi (WARDAYA)-IOM ITB (Biaya Hidup)-PPA,1
Wardah Pemberdayaan Ekonomi (WARDAYA)-BUMN-PPA,4
Wardah Pemberdayaan Ekonomi (WARDAYA)-BUMN-IOM ITB (SPP),5
Wardah Pemberdayaan Ekonomi (WARDAYA)-BUMN-BBM,1
Wardah Pemberdayaan Ekonomi (WARDAYA)-BUMN,1
Syamsi Dhuha Foundation-Yayasan Salim-PPA,1
Syamsi Dhuha Foundation-Yayasan Salim-Beasiswa Voucher Makan Sistem RFID,1
PT Taekwang Industrial Indonesia (Ikatan Dinas)-Yayasan Salim-PPA,1
PT Taekwang Industrial Indonesia (Ikatan Dinas)-IOM ITB (Biaya Hidup)-Beasiswa Voucher Makan Sistem RFID,1
PT Protelindo-PT Taekwang Industrial Indonesia (Ikatan Dinas),1
PT Protelindo-Lippo Group-PPA,1
PT Protelindo-Beasiswa Voucher Makan Sistem RFID-Lippo Group,1
PT Protelindo-Beasiswa Voucher Makan Sistem RFID,1
PPA-Yayasan Salim-PT Protelindo,1
PPA-Yayasan Salim-Lippo Group,7
PPA-Yayasan Salim-IOM ITB (Tugas Akhir),4
PPA-Yayasan Salim-IOM ITB (Biaya Hidup),2
PPA-Yayasan Salim-Beasiswa Voucher Makan Sistem RFID,7
PPA-Yayasan Salim-BBM,1
PPA-Yayasan Salim,26
PPA-Yayasan Komatsu Indonesia Peduli-WARTA Ikatan Dinas,1
PPA-Yayasan Komatsu Indonesia Peduli-Wardah Pemberdayaan Ekonomi (WARDAYA),1
PPA-Yayasan Komatsu Indonesia Peduli-BUMN,2
PPA-Yayasan Komatsu Indonesia Peduli-Beasiswa Voucher Makan Sistem RFID,1
PPA-Yayasan Komatsu Indonesia Peduli-BBM,4
PPA-Yayasan Komatsu Indonesia Peduli,4
PPA-WARTA Ikatan Dinas-Wardah Prestasi (WAPRES),1
PPA-WARTA Ikatan Dinas-IOM ITB (Tugas Akhir),1
PPA-WARTA Ikatan Dinas-Beasiswa Voucher Makan Sistem RFID,3
PPA-WARTA Ikatan Dinas-ABB J?rgen Dormann Foundation,1
PPA-WARTA Ikatan Dinas,6
PPA-Wardah Prestasi (WAPRES)-IOM ITB (Tugas Akhir),1
PPA-Wardah Prestasi (WAPRES)-IOM ITB (SPP),3
PPA-Wardah Prestasi (WAPRES)-IOM ITB (Biaya Hidup),3
PPA-Wardah Prestasi (WAPRES)-BUMN,1
PPA-Wardah Prestasi (WAPRES)-Beasiswa Voucher Makan Sistem RFID,12
PPA-Wardah Prestasi (WAPRES),10
PPA-Wardah Pemberdayaan Ekonomi (WARDAYA)-IOM ITB (SPP),1
PPA-Wardah Pemberdayaan Ekonomi (WARDAYA)-IA ITB?78,1
PPA-Wardah Pemberdayaan Ekonomi (WARDAYA)-Beasiswa Voucher Makan Sistem RFID,1
PPA-Syamsi Dhuha Foundation-Yayasan Salim,1
PPA-Syamsi Dhuha Foundation-IOM ITB (Tugas Akhir),1
PPA-PT Taekwang Industrial Indonesia (Ikatan Dinas),1
PPA-PT Protelindo-IOM ITB (Tugas Akhir),1
PPA-PPA-PPA,2
PPA-PPA,1
PPA-Lippo Group-Yayasan Salim,19
PPA-Lippo Group-PT Protelindo,1
PPA-Lippo Group-IOM ITB (SPP),1
PPA-Lippo Group-IOM ITB (Biaya Hidup),2
PPA-Lippo Group-Beasiswa Voucher Makan Sistem RFID,4
PPA-Lippo Group-BBM,5
PPA-Lippo Group,12
PPA-IOM ITB (Tugas Akhir)-Yayasan Salim,6
PPA-IOM ITB (Tugas Akhir)-WARTA Ikatan Dinas,2
PPA-IOM ITB (Tugas Akhir)-PT Taekwang Industrial Indonesia (Ikatan Dinas),1
PPA-IOM ITB (Tugas Akhir)-Lippo Group,3
PPA-IOM ITB (Tugas Akhir)-IOM ITB (SPP),7
PPA-IOM ITB (Tugas Akhir)-IOM ITB (Biaya Hidup),15
PPA-IOM ITB (Tugas Akhir)-IA ITB?78,2
PPA-IOM ITB (Tugas Akhir)-BUMN,2
PPA-IOM ITB (Tugas Akhir)-Beasiswa Voucher Makan Sistem RFID,8
PPA-IOM ITB (Tugas Akhir)-BBM,14
PPA-IOM ITB (Tugas Akhir),15
PPA-IOM ITB (SPP)-Yayasan Salim,1
PPA-IOM ITB (SPP)-Yayasan Komatsu Indonesia Peduli,1
PPA-IOM ITB (SPP)-Wardah Prestasi (WAPRES),1
PPA-IOM ITB (SPP)-Lippo Group,2
PPA-IOM ITB (SPP)-IOM ITB (Tugas Akhir),5
PPA-IOM ITB (SPP)-IOM ITB (Biaya Hidup),20
PPA-IOM ITB (SPP)-BUMN,4
PPA-IOM ITB (SPP)-Beasiswa Voucher Makan Sistem RFID,7
PPA-IOM ITB (SPP)-BBM,7
PPA-IOM ITB (SPP)-ABB J?rgen Dormann Foundation,1
PPA-IOM ITB (SPP),3
PPA-IOM ITB (Biaya Hidup)-Yayasan Salim,1
PPA-IOM ITB (Biaya Hidup)-Yayasan Komatsu Indonesia Peduli,1
PPA-IOM ITB (Biaya Hidup)-Wardah Pemberdayaan Ekonomi (WARDAYA),1
PPA-IOM ITB (Biaya Hidup)-PT Protelindo,1
PPA-IOM ITB (Biaya Hidup)-Lippo Group,2
PPA-IOM ITB (Biaya Hidup)-IOM ITB (Tugas Akhir),19
PPA-IOM ITB (Biaya Hidup)-IOM ITB (SPP),14
PPA-IOM ITB (Biaya Hidup)-IA ITB?78,1
PPA-IOM ITB (Biaya Hidup)-BUMN,5
PPA-IOM ITB (Biaya Hidup)-Beasiswa Voucher Makan Sistem RFID,15
PPA-IOM ITB (Biaya Hidup)-BBM,19
PPA-IOM ITB (Biaya Hidup)-ABB J?rgen Dormann Foundation,1
PPA-IOM ITB (Biaya Hidup),12
PPA-IIEF (GE Foundation)-Lippo Group,1
PPA-IA ITB?78-Yayasan Komatsu Indonesia Peduli,1
PPA-IA ITB?78-IOM ITB (SPP),3
PPA-IA ITB?78-IOM ITB (Biaya Hidup),2
PPA-IA ITB?78-BUMN,2
PPA-IA ITB?78-Beasiswa Voucher Makan Sistem RFID,1
PPA-IA ITB?78-BBM,5
PPA-IA ITB?78-ABB J?rgen Dormann Foundation,1
PPA-IA ITB?78,3
PPA-BUMN-Yayasan Komatsu Indonesia Peduli,1
PPA-BUMN-Wardah Pemberdayaan Ekonomi (WARDAYA),1
PPA-BUMN-IOM ITB (Tugas Akhir),2
PPA-BUMN-IOM ITB (SPP),1
PPA-BUMN-IOM ITB (Biaya Hidup),9
PPA-BUMN-IA ITB?78,3
PPA-BUMN-Beasiswa Voucher Makan Sistem RFID,4
PPA-BUMN-BBM,13
PPA-BUMN,5
PPA-Beasiswa Voucher Makan Sistem RFID-Yayasan Salim,12
PPA-Beasiswa Voucher Makan Sistem RFID-WARTA Ikatan Dinas,1
PPA-Beasiswa Voucher Makan Sistem RFID-Wardah Prestasi (WAPRES),6
PPA-Beasiswa Voucher Makan Sistem RFID-Wardah Pemberdayaan Ekonomi (WARDAYA),2
PPA-Beasiswa Voucher Makan Sistem RFID-PPA,1
PPA-Beasiswa Voucher Makan Sistem RFID-Lippo Group,4
PPA-Beasiswa Voucher Makan Sistem RFID-IOM ITB (Tugas Akhir),11
PPA-Beasiswa Voucher Makan Sistem RFID-IOM ITB (SPP),2
PPA-Beasiswa Voucher Makan Sistem RFID-IOM ITB (Biaya Hidup),12
PPA-Beasiswa Voucher Makan Sistem RFID-IA ITB?78,3
PPA-Beasiswa Voucher Makan Sistem RFID-BUMN,3
PPA-Beasiswa Voucher Makan Sistem RFID-BBM,15
PPA-Beasiswa Voucher Makan Sistem RFID-ABB J?rgen Dormann Foundation,1
PPA-Beasiswa Voucher Makan Sistem RFID,109
PPA-BBM-Yayasan Salim,4
PPA-BBM-Yayasan Komatsu Indonesia Peduli,2
PPA-BBM-WARTA Ikatan Dinas,1
PPA-BBM-Wardah Prestasi (WAPRES),1
PPA-BBM-Wardah Pemberdayaan Ekonomi (WARDAYA),1
PPA-BBM-Syamsi Dhuha Foundation,1
PPA-BBM-PT Taekwang Industrial Indonesia (Ikatan Dinas),1
PPA-BBM-PT Protelindo,1
PPA-BBM-Lippo Group,3
PPA-BBM-IOM ITB (Tugas Akhir),15
PPA-BBM-IOM ITB (SPP),9
PPA-BBM-IOM ITB (Biaya Hidup),33
PPA-BBM-IIEF (GE Foundation),1
PPA-BBM-IA ITB?78,5
PPA-BBM-BUMN,20
PPA-BBM-Beasiswa Voucher Makan Sistem RFID,22
PPA-BBM-ABB J?rgen Dormann Foundation,2
PPA-BBM,38
PPA-ABB J?rgen Dormann Foundation-Yayasan Komatsu Indonesia Peduli,1
PPA-ABB J?rgen Dormann Foundation-Wardah Prestasi (WAPRES),2
PPA-ABB J?rgen Dormann Foundation-IOM ITB (SPP),1
PPA-ABB J?rgen Dormann Foundation-BBM,1
PPA-ABB J?rgen Dormann Foundation,1
PPA,314
Mitsubishi-PPA-BBM,1
Lippo Group-Yayasan Salim-Syamsi Dhuha Foundation,1
Lippo Group-Yayasan Salim-PPA,82
Lippo Group-Yayasan Salim-IOM ITB (SPP),1
Lippo Group-Yayasan Salim-IOM ITB (Biaya Hidup),1
Lippo Group-Yayasan Salim-Beasiswa Voucher Makan Sistem RFID,5
Lippo Group-Yayasan Salim,5
Lippo Group-Syamsi Dhuha Foundation-PPA,1
Lippo Group-PT Protelindo-Yayasan Salim,1
Lippo Group-PT Protelindo-PPA,1
Lippo Group-PT Protelindo,1
Lippo Group-PPA-Yayasan Salim,78
Lippo Group-PPA-PT Protelindo,2
Lippo Group-PPA-IOM ITB (SPP),5
Lippo Group-PPA-IOM ITB (Biaya Hidup),6
Lippo Group-PPA-IIEF (GE Foundation),5
Lippo Group-PPA-Beasiswa Voucher Makan Sistem RFID,76
Lippo Group-PPA-BBM,22
Lippo Group-PPA,61
Lippo Group-IOM ITB (SPP)-Yayasan Salim,1
Lippo Group-IOM ITB (SPP)-PPA,5
Lippo Group-IOM ITB (SPP)-IOM ITB (Biaya Hidup),2
Lippo Group-IOM ITB (SPP)-Beasiswa Voucher Makan Sistem RFID,1
Lippo Group-IOM ITB (Biaya Hidup)-Yayasan Salim,1
Lippo Group-IOM ITB (Biaya Hidup)-PPA,4
Lippo Group-IOM ITB (Biaya Hidup)-Beasiswa Voucher Makan Sistem RFID,1
Lippo Group-IIEF (GE Foundation)-PPA,2
Lippo Group-Beasiswa Voucher Makan Sistem RFID,2
Lippo Group-BBM-PPA,12
Lippo Group,2
IOM ITB (Tugas Akhir)-Yayasan Salim-PT Taekwang Industrial Indonesia (Ikatan Dinas),1
IOM ITB (Tugas Akhir)-Yayasan Salim-Beasiswa Voucher Makan Sistem RFID,3
IOM ITB (Tugas Akhir)-WARTA Ikatan Dinas-IOM ITB (SPP),2
IOM ITB (Tugas Akhir)-WARTA Ikatan Dinas-IOM ITB (Biaya Hidup),2
IOM ITB (Tugas Akhir)-WARTA Ikatan Dinas-Beasiswa Voucher Makan Sistem RFID,3
IOM ITB (Tugas Akhir)-WARTA Ikatan Dinas-BBM,1
IOM ITB (Tugas Akhir)-WARTA Ikatan Dinas,3
IOM ITB (Tugas Akhir)-PPA-Yayasan Salim,1
IOM ITB (Tugas Akhir)-PPA-IOM ITB (SPP),1
IOM ITB (Tugas Akhir)-PPA-IOM ITB (Biaya Hidup),4
IOM ITB (Tugas Akhir)-PPA-Beasiswa Voucher Makan Sistem RFID,4
IOM ITB (Tugas Akhir)-PPA-BBM,3
IOM ITB (Tugas Akhir)-PPA,5
IOM ITB (Tugas Akhir)-IOM ITB (SPP)-PPA,1
IOM ITB (Tugas Akhir)-IOM ITB (SPP)-IOM ITB (Biaya Hidup),7
IOM ITB (Tugas Akhir)-IOM ITB (SPP)-BBM,1
IOM ITB (Tugas Akhir)-IOM ITB (SPP),1
IOM ITB (Tugas Akhir)-IOM ITB (Biaya Hidup)-Yayasan Salim,1
IOM ITB (Tugas Akhir)-IOM ITB (Biaya Hidup)-Wardah Pemberdayaan Ekonomi (WARDAYA),1
IOM ITB (Tugas Akhir)-IOM ITB (Biaya Hidup)-PPA,5
IOM ITB (Tugas Akhir)-IOM ITB (Biaya Hidup)-Lippo Group,1
IOM ITB (Tugas Akhir)-IOM ITB (Biaya Hidup)-IOM ITB (SPP),7
IOM ITB (Tugas Akhir)-IOM ITB (Biaya Hidup)-BUMN,1
IOM ITB (Tugas Akhir)-IOM ITB (Biaya Hidup)-Beasiswa Voucher Makan Sistem RFID,5
IOM ITB (Tugas Akhir)-IOM ITB (Biaya Hidup)-BBM,2
IOM ITB (Tugas Akhir)-IOM ITB (Biaya Hidup),4
IOM ITB (Tugas Akhir)-IA ITB?78-IOM ITB (Biaya Hidup),1
IOM ITB (Tugas Akhir)-IA ITB?78,1
IOM ITB (Tugas Akhir)-BUMN-IOM ITB (Biaya Hidup),1
IOM ITB (Tugas Akhir)-Beasiswa Voucher Makan Sistem RFID-Yayasan Salim,3
IOM ITB (Tugas Akhir)-Beasiswa Voucher Makan Sistem RFID-PPA,1
IOM ITB (Tugas Akhir)-Beasiswa Voucher Makan Sistem RFID-IOM ITB (Biaya Hidup),2
IOM ITB (Tugas Akhir)-Beasiswa Voucher Makan Sistem RFID-BUMN,1
IOM ITB (Tugas Akhir)-Beasiswa Voucher Makan Sistem RFID,17
IOM ITB (Tugas Akhir)-BBM-PPA,1
IOM ITB (Tugas Akhir)-BBM-IOM ITB (Biaya Hidup),1
IOM ITB (Tugas Akhir),16
IOM ITB (SPP)-Yayasan Salim-PPA,2
IOM ITB (SPP)-Yayasan Salim-Lippo Group,2
IOM ITB (SPP)-Yayasan Salim-IOM ITB (Biaya Hidup),1
IOM ITB (SPP)-Yayasan Salim-Beasiswa Voucher Makan Sistem RFID,2
IOM ITB (SPP)-Yayasan Salim-BBM,1
IOM ITB (SPP)-Yayasan Komatsu Indonesia Peduli-BBM,1
IOM ITB (SPP)-WARTA Ikatan Dinas-IOM ITB (Tugas Akhir),2
IOM ITB (SPP)-WARTA Ikatan Dinas-BBM,1
IOM ITB (SPP)-Wardah Prestasi (WAPRES)-PPA,2
IOM ITB (SPP)-Wardah Prestasi (WAPRES)-IOM ITB (Biaya Hidup),2
IOM ITB (SPP)-Wardah Pemberdayaan Ekonomi (WARDAYA)-BUMN,1
IOM ITB (SPP)-Wardah Pemberdayaan Ekonomi (WARDAYA),1
IOM ITB (SPP)-Syamsi Dhuha Foundation-Beasiswa Voucher Makan Sistem RFID,1
IOM ITB (SPP)-PT Taekwang Industrial Indonesia (Ikatan Dinas)-Yayasan Salim,1
IOM ITB (SPP)-PT Protelindo,1
IOM ITB (SPP)-PPA-WARTA Ikatan Dinas,2
IOM ITB (SPP)-PPA-Wardah Prestasi (WAPRES),1
IOM ITB (SPP)-PPA-Lippo Group,1
IOM ITB (SPP)-PPA-IOM ITB (Tugas Akhir),2
IOM ITB (SPP)-PPA-IOM ITB (Biaya Hidup),20
IOM ITB (SPP)-PPA-IA ITB?78,2
IOM ITB (SPP)-PPA-BUMN,1
IOM ITB (SPP)-PPA-Beasiswa Voucher Makan Sistem RFID,5
IOM ITB (SPP)-PPA-BBM,9
IOM ITB (SPP)-PPA,6
IOM ITB (SPP)-Lippo Group-Yayasan Salim,3
IOM ITB (SPP)-Lippo Group-PPA,4
IOM ITB (SPP)-Lippo Group-IOM ITB (Biaya Hidup),2
IOM ITB (SPP)-Lippo Group-Beasiswa Voucher Makan Sistem RFID,1
IOM ITB (SPP)-Lippo Group-BBM,5
IOM ITB (SPP)-Lippo Group,1
IOM ITB (SPP)-IOM ITB (Tugas Akhir)-PPA,5
IOM ITB (SPP)-IOM ITB (Tugas Akhir)-IOM ITB (Biaya Hidup),10
IOM ITB (SPP)-IOM ITB (Tugas Akhir)-Beasiswa Voucher Makan Sistem RFID,2
IOM ITB (SPP)-IOM ITB (Tugas Akhir),2
IOM ITB (SPP)-IOM ITB (Biaya Hidup)-Yayasan Salim,2
IOM ITB (SPP)-IOM ITB (Biaya Hidup)-Yayasan Komatsu Indonesia Peduli,1
IOM ITB (SPP)-IOM ITB (Biaya Hidup)-Wardah Pemberdayaan Ekonomi (WARDAYA),1
IOM ITB (SPP)-IOM ITB (Biaya Hidup)-PPA,37
IOM ITB (SPP)-IOM ITB (Biaya Hidup)-Lippo Group,1
IOM ITB (SPP)-IOM ITB (Biaya Hidup)-IOM ITB (Tugas Akhir),24
IOM ITB (SPP)-IOM ITB (Biaya Hidup)-IA ITB?78,2
IOM ITB (SPP)-IOM ITB (Biaya Hidup)-BUMN,4
IOM ITB (SPP)-IOM ITB (Biaya Hidup)-Beasiswa Voucher Makan Sistem RFID,20
IOM ITB (SPP)-IOM ITB (Biaya Hidup)-BBM,15
IOM ITB (SPP)-IOM ITB (Biaya Hidup),21
IOM ITB (SPP)-IA ITB?78-Wardah Pemberdayaan Ekonomi (WARDAYA),1
IOM ITB (SPP)-IA ITB?78-PPA,2
IOM ITB (SPP)-IA ITB?78-IOM ITB (Biaya Hidup),1
IOM ITB (SPP)-IA ITB?78-BUMN,1
IOM ITB (SPP)-IA ITB?78-BBM,2
IOM ITB (SPP)-IA ITB?78,1
IOM ITB (SPP)-BUMN-PPA,6
IOM ITB (SPP)-BUMN-IOM ITB (Biaya Hidup),3
IOM ITB (SPP)-BUMN-BBM,6
IOM ITB (SPP)-Beasiswa Voucher Makan Sistem RFID-PPA,1
IOM ITB (SPP)-Beasiswa Voucher Makan Sistem RFID-IOM ITB (Biaya Hidup),3
IOM ITB (SPP)-Beasiswa Voucher Makan Sistem RFID,1
IOM ITB (SPP)-BBM-PPA,2
IOM ITB (SPP)-BBM-Lippo Group,1
IOM ITB (SPP)-BBM-IOM ITB (Tugas Akhir),1
IOM ITB (SPP)-BBM-IOM ITB (Biaya Hidup),3
IOM ITB (SPP)-BBM-IA ITB?78,1
IOM ITB (SPP)-BBM-BUMN,2
IOM ITB (SPP)-BBM-Beasiswa Voucher Makan Sistem RFID,3
IOM ITB (SPP)-BBM,3
IOM ITB (SPP)-ABB J?rgen Dormann Foundation-IA ITB?78,1
IOM ITB (SPP),8
IOM ITB (Biaya Hidup)-Yayasan Salim-PT Taekwang Industrial Indonesia (Ikatan Dinas),1
IOM ITB (Biaya Hidup)-Yayasan Salim-IOM ITB (Tugas Akhir),1
IOM ITB (Biaya Hidup)-PT Taekwang Industrial Indonesia (Ikatan Dinas)-BBM,2
IOM ITB (Biaya Hidup)-PPA-Yayasan Salim,1
IOM ITB (Biaya Hidup)-PPA-WARTA Ikatan Dinas,1
IOM ITB (Biaya Hidup)-PPA-Lippo Group,1
IOM ITB (Biaya Hidup)-PPA-IOM ITB (Tugas Akhir),1
IOM ITB (Biaya Hidup)-PPA-IOM ITB (SPP),4
IOM ITB (Biaya Hidup)-PPA-IA ITB?78,2
IOM ITB (Biaya Hidup)-PPA-BUMN,2
IOM ITB (Biaya Hidup)-PPA-Beasiswa Voucher Makan Sistem RFID,8
IOM ITB (Biaya Hidup)-PPA-BBM,11
IOM ITB (Biaya Hidup)-PPA,5
IOM ITB (Biaya Hidup)-Lippo Group-IOM ITB (Tugas Akhir),1
IOM ITB (Biaya Hidup)-IOM ITB (Tugas Akhir)-Yayasan Salim,2
IOM ITB (Biaya Hidup)-IOM ITB (Tugas Akhir)-PPA,4
IOM ITB (Biaya Hidup)-IOM ITB (Tugas Akhir)-IOM ITB (SPP),8
IOM ITB (Biaya Hidup)-IOM ITB (Tugas Akhir)-Beasiswa Voucher Makan Sistem RFID,7
IOM ITB (Biaya Hidup)-IOM ITB (Tugas Akhir)-BBM,4
IOM ITB (Biaya Hidup)-IOM ITB (Tugas Akhir),6
IOM ITB (Biaya Hidup)-IOM ITB (SPP)-Wardah Pemberdayaan Ekonomi (WARDAYA),1
IOM ITB (Biaya Hidup)-IOM ITB (SPP)-PPA,1
IOM ITB (Biaya Hidup)-IOM ITB (SPP)-IOM ITB (Tugas Akhir),16
IOM ITB (Biaya Hidup)-IOM ITB (SPP)-IA ITB?78,1
IOM ITB (Biaya Hidup)-IOM ITB (SPP)-BUMN,1
IOM ITB (Biaya Hidup)-IOM ITB (SPP)-Beasiswa Voucher Makan Sistem RFID,6
IOM ITB (Biaya Hidup)-IOM ITB (SPP)-BBM,5
IOM ITB (Biaya Hidup)-IOM ITB (SPP),4
IOM ITB (Biaya Hidup)-IA ITB?78-BUMN,2
IOM ITB (Biaya Hidup)-IA ITB?78-BBM,1
IOM ITB (Biaya Hidup)-BUMN-IOM ITB (SPP),2
IOM ITB (Biaya Hidup)-BUMN-BBM,2
IOM ITB (Biaya Hidup)-Beasiswa Voucher Makan Sistem RFID-IOM ITB (Tugas Akhir),1
IOM ITB (Biaya Hidup)-Beasiswa Voucher Makan Sistem RFID-IOM ITB (SPP),3
IOM ITB (Biaya Hidup)-Beasiswa Voucher Makan Sistem RFID-BBM,1
IOM ITB (Biaya Hidup)-Beasiswa Voucher Makan Sistem RFID,5
IOM ITB (Biaya Hidup)-BBM-PPA,5
IOM ITB (Biaya Hidup)-BBM-IOM ITB (Tugas Akhir),1
IOM ITB (Biaya Hidup)-BBM-IOM ITB (SPP),2
IOM ITB (Biaya Hidup)-BBM-IA ITB?78,1
IOM ITB (Biaya Hidup)-BBM-BUMN,5
IOM ITB (Biaya Hidup)-BBM-Beasiswa Voucher Makan Sistem RFID,6
IOM ITB (Biaya Hidup)-BBM,2
IOM ITB (Biaya Hidup),4
IIEF (GE Foundation)-Yayasan Salim-PPA,2
IIEF (GE Foundation)-PPA-Syamsi Dhuha Foundation,1
IIEF (GE Foundation)-PPA-PT Protelindo,1
IIEF (GE Foundation)-PPA-Lippo Group,1
IIEF (GE Foundation)-PPA,2
IIEF (GE Foundation)-Lippo Group-Yayasan Salim,1
IIEF (GE Foundation)-Lippo Group-PPA,5
IIEF (GE Foundation)-IOM ITB (Biaya Hidup)-Beasiswa Voucher Makan Sistem RFID,1
IIEF (GE Foundation)-Beasiswa Voucher Makan Sistem RFID-PPA,1
IIEF (GE Foundation)-BBM-IOM ITB (Biaya Hidup),1
IIEF (GE Foundation),2
IA ITB?78-Yayasan Komatsu Indonesia Peduli-IOM ITB (SPP),1
IA ITB?78-Yayasan Komatsu Indonesia Peduli-Beasiswa Voucher Makan Sistem RFID,1
IA ITB?78-Wardah Pemberdayaan Ekonomi (WARDAYA)-Wardah Prestasi (WAPRES),1
IA ITB?78-Wardah Pemberdayaan Ekonomi (WARDAYA)-IOM ITB (SPP),1
IA ITB?78-Wardah Pemberdayaan Ekonomi (WARDAYA)-BUMN,2
IA ITB?78-Wardah Pemberdayaan Ekonomi (WARDAYA)-Beasiswa Voucher Makan Sistem RFID,1
IA ITB?78-PPA-IOM ITB (SPP),1
IA ITB?78-PPA-BUMN,4
IA ITB?78-PPA-Beasiswa Voucher Makan Sistem RFID,2
IA ITB?78-PPA-BBM,8
IA ITB?78-IOM ITB (Tugas Akhir)-IOM ITB (Biaya Hidup),1
IA ITB?78-IOM ITB (SPP)-Wardah Pemberdayaan Ekonomi (WARDAYA),1
IA ITB?78-IOM ITB (SPP)-PPA,14
IA ITB?78-IOM ITB (SPP)-IOM ITB (Biaya Hidup),9
IA ITB?78-IOM ITB (SPP)-BUMN,2
IA ITB?78-IOM ITB (SPP)-Beasiswa Voucher Makan Sistem RFID,3
IA ITB?78-IOM ITB (SPP)-BBM,8
IA ITB?78-IOM ITB (SPP)-ABB J?rgen Dormann Foundation,1
IA ITB?78-IOM ITB (SPP),3
IA ITB?78-IOM ITB (Biaya Hidup)-PPA,5
IA ITB?78-IOM ITB (Biaya Hidup)-IOM ITB (SPP),1
IA ITB?78-IOM ITB (Biaya Hidup)-Beasiswa Voucher Makan Sistem RFID,1
IA ITB?78-IOM ITB (Biaya Hidup)-BBM,1
IA ITB?78-IOM ITB (Biaya Hidup),3
IA ITB?78-BUMN-PPA,4
IA ITB?78-BUMN-IOM ITB (SPP),2
IA ITB?78-BUMN-IOM ITB (Biaya Hidup),2
IA ITB?78-BUMN-Beasiswa Voucher Makan Sistem RFID,6
IA ITB?78-BUMN-BBM,2
IA ITB?78-BUMN,2
IA ITB?78-Beasiswa Voucher Makan Sistem RFID-IOM ITB (SPP),1
IA ITB?78-Beasiswa Voucher Makan Sistem RFID-BUMN,1
IA ITB?78-Beasiswa Voucher Makan Sistem RFID-BBM,3
IA ITB?78-Beasiswa Voucher Makan Sistem RFID,1
IA ITB?78-BBM-PPA,5
IA ITB?78-BBM-IOM ITB (Biaya Hidup),2
IA ITB?78-BBM-BUMN,2
IA ITB?78-BBM-Beasiswa Voucher Makan Sistem RFID,2
IA ITB?78-BBM,2
IA ITB?78-ABB J?rgen Dormann Foundation-Beasiswa Voucher Makan Sistem RFID,1
IA ITB?78,1
BUMN-Yayasan Komatsu Indonesia Peduli-Wardah Pemberdayaan Ekonomi (WARDAYA),1
BUMN-Yayasan Komatsu Indonesia Peduli-PPA,1
BUMN-Wardah Prestasi (WAPRES)-IOM ITB (SPP),1
BUMN-Wardah Pemberdayaan Ekonomi (WARDAYA)-PPA,7
BUMN-Wardah Pemberdayaan Ekonomi (WARDAYA)-IOM ITB (SPP),3
BUMN-Wardah Pemberdayaan Ekonomi (WARDAYA)-Beasiswa Voucher Makan Sistem RFID,1
BUMN-Wardah Pemberdayaan Ekonomi (WARDAYA)-BBM,2
BUMN-PPA-Yayasan Komatsu Indonesia Peduli,1
BUMN-PPA-Wardah Prestasi (WAPRES),1
BUMN-PPA-IOM ITB (Tugas Akhir),2
BUMN-PPA-IOM ITB (SPP),9
BUMN-PPA-IOM ITB (Biaya Hidup),4
BUMN-PPA-IA ITB?78,4
BUMN-PPA-Beasiswa Voucher Makan Sistem RFID,9
BUMN-PPA-BBM,24
BUMN-PPA,4
BUMN-IOM ITB (Tugas Akhir)-PPA,2
BUMN-IOM ITB (Tugas Akhir)-Beasiswa Voucher Makan Sistem RFID,1
BUMN-IOM ITB (Tugas Akhir)-BBM,1
BUMN-IOM ITB (SPP)-Wardah Pemberdayaan Ekonomi (WARDAYA),1
BUMN-IOM ITB (SPP)-PPA,32
BUMN-IOM ITB (SPP)-IOM ITB (Tugas Akhir),1
BUMN-IOM ITB (SPP)-IOM ITB (Biaya Hidup),15
BUMN-IOM ITB (SPP)-IA ITB?78,6
BUMN-IOM ITB (SPP)-BBM,13
BUMN-IOM ITB (SPP),2
BUMN-IOM ITB (Biaya Hidup)-PPA,1
BUMN-IOM ITB (Biaya Hidup)-Beasiswa Voucher Makan Sistem RFID,1
BUMN-IOM ITB (Biaya Hidup)-BBM,5
BUMN-IA ITB?78-Wardah Pemberdayaan Ekonomi (WARDAYA),2
BUMN-IA ITB?78-PPA,2
BUMN-IA ITB?78-IOM ITB (Tugas Akhir),1
BUMN-IA ITB?78-IOM ITB (SPP),2
BUMN-IA ITB?78-IOM ITB (Biaya Hidup),1
BUMN-IA ITB?78-BBM,5
BUMN-IA ITB?78,1
BUMN-Beasiswa Voucher Makan Sistem RFID-IOM ITB (Biaya Hidup),1
BUMN-Beasiswa Voucher Makan Sistem RFID-BBM,3
BUMN-Beasiswa Voucher Makan Sistem RFID,2
BUMN-BBM-PPA,12
BUMN-BBM-IOM ITB (SPP),6
BUMN-BBM-IOM ITB (Biaya Hidup),6
BUMN-BBM-IA ITB?78,4
BUMN-BBM-Beasiswa Voucher Makan Sistem RFID,9
BUMN-BBM,5
BUMN,13
Beasiswa Voucher Makan Sistem RFID-Yayasan Salim-PPA,1
Beasiswa Voucher Makan Sistem RFID-Yayasan Salim-Lippo Group,2
Beasiswa Voucher Makan Sistem RFID-Yayasan Salim-IOM ITB (SPP),1
Beasiswa Voucher Makan Sistem RFID-Yayasan Salim-IOM ITB (Biaya Hidup),1
Beasiswa Voucher Makan Sistem RFID-Yayasan Salim,3
Beasiswa Voucher Makan Sistem RFID-Wardah Prestasi (WAPRES),1
Beasiswa Voucher Makan Sistem RFID-PPA-Yayasan Salim,4
Beasiswa Voucher Makan Sistem RFID-PPA-Wardah Pemberdayaan Ekonomi (WARDAYA),1
Beasiswa Voucher Makan Sistem RFID-PPA-Lippo Group,3
Beasiswa Voucher Makan Sistem RFID-PPA-IOM ITB (SPP),2
Beasiswa Voucher Makan Sistem RFID-PPA-IOM ITB (Biaya Hidup),1
Beasiswa Voucher Makan Sistem RFID-PPA-IA ITB?78,1
Beasiswa Voucher Makan Sistem RFID-PPA-BUMN,1
Beasiswa Voucher Makan Sistem RFID-PPA-BBM,2
Beasiswa Voucher Makan Sistem RFID-PPA,12
Beasiswa Voucher Makan Sistem RFID-IOM ITB (Tugas Akhir)-WARTA Ikatan Dinas,1
Beasiswa Voucher Makan Sistem RFID-IOM ITB (Tugas Akhir)-Wardah Prestasi (WAPRES),1
Beasiswa Voucher Makan Sistem RFID-IOM ITB (Tugas Akhir)-IOM ITB (Biaya Hidup),1
Beasiswa Voucher Makan Sistem RFID-IOM ITB (Tugas Akhir),9
Beasiswa Voucher Makan Sistem RFID-IOM ITB (SPP)-IOM ITB (Biaya Hidup),1
Beasiswa Voucher Makan Sistem RFID-IOM ITB (Biaya Hidup)-Yayasan Salim,1
Beasiswa Voucher Makan Sistem RFID-IOM ITB (Biaya Hidup)-PPA,4
Beasiswa Voucher Makan Sistem RFID-IOM ITB (Biaya Hidup)-IOM ITB (Tugas Akhir),2
Beasiswa Voucher Makan Sistem RFID-IOM ITB (Biaya Hidup)-IOM ITB (SPP),2
Beasiswa Voucher Makan Sistem RFID-IOM ITB (Biaya Hidup)-IA ITB?78,1
Beasiswa Voucher Makan Sistem RFID-IOM ITB (Biaya Hidup)-BBM,1
Beasiswa Voucher Makan Sistem RFID-IOM ITB (Biaya Hidup),6
Beasiswa Voucher Makan Sistem RFID-IA ITB?78-IOM ITB (SPP),2
Beasiswa Voucher Makan Sistem RFID-BUMN-PPA,2
Beasiswa Voucher Makan Sistem RFID-BUMN-IOM ITB (Biaya Hidup),1
Beasiswa Voucher Makan Sistem RFID-BUMN-BBM,1
Beasiswa Voucher Makan Sistem RFID-BBM-Syamsi Dhuha Foundation,1
Beasiswa Voucher Makan Sistem RFID-BBM-PPA,5
Beasiswa Voucher Makan Sistem RFID-BBM-IOM ITB (Tugas Akhir),1
Beasiswa Voucher Makan Sistem RFID-BBM-IOM ITB (Biaya Hidup),3
Beasiswa Voucher Makan Sistem RFID-BBM-BUMN,2
Beasiswa Voucher Makan Sistem RFID-BBM,2
Beasiswa Voucher Makan Sistem RFID,271
BBM-PT Taekwang Industrial Indonesia (Ikatan Dinas),1
BBM-PPA-Lippo Group,1
BBM-PPA-IOM ITB (Tugas Akhir),4
BBM-PPA-IOM ITB (SPP),3
BBM-PPA-IOM ITB (Biaya Hidup),1
BBM-PPA-IA ITB?78,5
BBM-PPA-BUMN,3
BBM-PPA-Beasiswa Voucher Makan Sistem RFID,4
BBM-PPA,7
BBM-Lippo Group-Beasiswa Voucher Makan Sistem RFID,1
BBM-IOM ITB (Tugas Akhir)-Yayasan Salim,1
BBM-IOM ITB (Tugas Akhir)-IOM ITB (SPP),2
BBM-IOM ITB (Tugas Akhir)-IOM ITB (Biaya Hidup),2
BBM-IOM ITB (Tugas Akhir)-Beasiswa Voucher Makan Sistem RFID,2
BBM-IOM ITB (Tugas Akhir),1
BBM-IOM ITB (SPP)-PPA,1
BBM-IOM ITB (SPP)-IOM ITB (Biaya Hidup),1
BBM-IOM ITB (SPP)-BUMN,1
BBM-IOM ITB (SPP)-Beasiswa Voucher Makan Sistem RFID,2
BBM-IOM ITB (SPP),1
BBM-IOM ITB (Biaya Hidup)-PPA,2
BBM-IOM ITB (Biaya Hidup)-IOM ITB (Tugas Akhir),4
BBM-IOM ITB (Biaya Hidup)-IOM ITB (SPP),5
BBM-IOM ITB (Biaya Hidup)-IA ITB?78,1
BBM-IOM ITB (Biaya Hidup)-BUMN,5
BBM-IOM ITB (Biaya Hidup)-Beasiswa Voucher Makan Sistem RFID,5
BBM-IOM ITB (Biaya Hidup),5
BBM-IA ITB?78-PPA,3
BBM-IA ITB?78-IOM ITB (Biaya Hidup),1
BBM-IA ITB?78-Beasiswa Voucher Makan Sistem RFID,1
BBM-BUMN-PPA,2
BBM-BUMN-IOM ITB (SPP),1
BBM-BUMN-IOM ITB (Biaya Hidup),3
BBM-BUMN-IA ITB?78,3
BBM-BUMN-Beasiswa Voucher Makan Sistem RFID,1
BBM-Beasiswa Voucher Makan Sistem RFID-Yayasan Salim,1
BBM-Beasiswa Voucher Makan Sistem RFID-PPA,1
BBM-Beasiswa Voucher Makan Sistem RFID-IOM ITB (SPP),1
BBM-Beasiswa Voucher Makan Sistem RFID-IOM ITB (Biaya Hidup),1
BBM-Beasiswa Voucher Makan Sistem RFID-IA ITB?78,1
BBM-Beasiswa Voucher Makan Sistem RFID,4
BBM,11
ABB J?rgen Dormann Foundation-Wardah Prestasi (WAPRES)-PPA,1
ABB J?rgen Dormann Foundation-Wardah Prestasi (WAPRES)-Beasiswa Voucher Makan Sistem RFID,1
ABB J?rgen Dormann Foundation-PPA-Wardah Prestasi (WAPRES),1
ABB J?rgen Dormann Foundation-PPA-Beasiswa Voucher Makan Sistem RFID,2
ABB J?rgen Dormann Foundation-PPA-BBM,1
ABB J?rgen Dormann Foundation-PPA,6
ABB J?rgen Dormann Foundation-IA ITB?78-PPA,2
ABB J?rgen Dormann Foundation-IA ITB?78-IOM ITB (Tugas Akhir),1
ABB J?rgen Dormann Foundation-IA ITB?78-IOM ITB (SPP),1
ABB J?rgen Dormann Foundation-IA ITB?78,1
ABB J?rgen Dormann Foundation-BUMN-Yayasan Komatsu Indonesia Peduli,1
ABB J?rgen Dormann Foundation-BUMN-PPA,2
ABB J?rgen Dormann Foundation,3
